QueryName,QuerySMILES,TargetCompoundName,TargetSMILES,Similarity
槲皮素,C1=CC(=C(C=C1C2=C(C(=O)C3=C(C=C(C=C3O2)O)O)O)O)O,CCCCCCC[C@@H](CC(=O)CCC1=CC(=C(C=C1)O)OC)O,8-Gingerol,0.361226343259233
槲皮素,C1=CC(=C(C=C1C2=C(C(=O)C3=C(C=C(C=C3O2)O)O)O)O)O,CC(=CCOC1=C2C(=CC3=C1OC=C3)C=CC(=O)O2)C,Imperatorin,0.3163102895341018
槲皮素,C1=CC(=C(C=C1C2=C(C(=O)C3=C(C=C(C=C3O2)O)O)O)O)O,C1=CC=C(C=C1)N2C3=CC=CC=C3C(C2=O)(CC4=CC=NC=C4)CC5=CC=NC=C5,Linopirdine,0.35515232251074935
槲皮素,C1=CC(=C(C=C1C2=C(C(=O)C3=C(C=C(C=C3O2)O)O)O)O)O,CCCCCCCC/C=C\CCCCCCCC(=O)NNCC1=CC(=C(C=C1)O)OC,OMDM-5,0.28652803846818586
槲皮素,C1=CC(=C(C=C1C2=C(C(=O)C3=C(C=C(C=C3O2)O)O)O)O)O,C[C@@H]1C[C@]2([C@H]3[C@H]4[C@]1([C@@H]5C=C(C(=O)[C@]5(CC(=C4)COC(=O)CC6=CC(=C(C=C6)O)OC)O)C)O[C@](O3)(O2)CC7=CC=CC=C7)C(=C)C,Resiniferatoxin,0.38264848460641854
槲皮素,C1=CC(=C(C=C1C2=C(C(=O)C3=C(C=C(C=C3O2)O)O)O)O)O,CC(C)/C=C/CCCCC(=O)NCC1=CC(=C(C=C1)O)OC,Capsaicin,0.38737431804331035
槲皮素,C1=CC(=C(C=C1C2=C(C(=O)C3=C(C=C(C=C3O2)O)O)O)O)O,CC(C)CCCCCCC(=O)OCC1=CC(=C(C=C1)O)OC,Dihydrocapsiate,0.3217612259799259
槲皮素,C1=CC(=C(C=C1C2=C(C(=O)C3=C(C=C(C=C3O2)O)O)O)O)O,CC(C)(C)C1=CC=C(C=C1)CC(CNC(=S)NCC2=CC(=C(C=C2)O)OC)COC(=O)C(C)(C)C,JYL-273,0.3353428456347969
槲皮素,C1=CC(=C(C=C1C2=C(C(=O)C3=C(C=C(C=C3O2)O)O)O)O)O,CC(CC1=CC2=C(C=C1)OCO2)NCC(C3=CC(=C(C=C3)O)O)O,Protokylol,0.3520387506721816
槲皮素,C1=CC(=C(C=C1C2=C(C(=O)C3=C(C=C(C=C3O2)O)O)O)O)O,CC(C)/C=C/CCCCC(=O)NCC1=CC(=C(C=C1)OC(=O)N2CCCCC2CNC)OC,Vocacapsaicin,0.34214433066529626
槲皮素,C1=CC(=C(C=C1C2=C(C(=O)C3=C(C=C(C=C3O2)O)O)O)O)O,CC1=C(C=C(C=C1)CC(CNC(=O)CC2=CC(=C(C=C2)OCCN)OC)COC(=O)C(C)(C)C)C,MSK-195,0.3330717448355197
槲皮素,C1=CC(=C(C=C1C2=C(C(=O)C3=C(C=C(C=C3O2)O)O)O)O)O,CC/C=C\C/C=C\C/C=C\CCCCCCCC(=O)NCCO,N-Linolenoylethanolamine,0.3969962839946868
槲皮素,C1=CC(=C(C=C1C2=C(C(=O)C3=C(C=C(C=C3O2)O)O)O)O)O,CCCCCCCC/C=C\CCCCCCCC(=O)NCC1=CC(=C(C=C1)O)OC,Olvanil,0.3822756928834558
槲皮素,C1=CC(=C(C=C1C2=C(C(=O)C3=C(C=C(C=C3O2)O)O)O)O)O,COC1=C(C=CC(=C1)CNC(=O)CCCC2=CC=CS2)O,MSP-3,0.31200964610022985
槲皮素,C1=CC(=C(C=C1C2=C(C(=O)C3=C(C=C(C=C3O2)O)O)O)O)O,CCCCC/C=C\C/C=C\C/C=C\C/C=C\CCCC(=O)NCCC1=CC(=C(C=C1)O)O,N-Arachidonyldopamine,0.3750243657052746
槲皮素,C1=CC(=C(C=C1C2=C(C(=O)C3=C(C=C(C=C3O2)O)O)O)O)O,CCCCC/C=C\C/C=C\C/C=C\C/C=C\CCCC(=O)N[C@H](C)CO,(R)-Methanandamide,0.3797533482837037
齐墩果酸,C[C@]12CC[C@@H](C([C@@H]1CC[C@@]3([C@@H]2CC=C4[C@]3(CC[C@@]5([C@H]4CC(CC5)(C)C)C(=O)O)C)C)(C)C)O,CCCCCCC[C@@H](CC(=O)CCC1=CC(=C(C=C1)O)OC)O,8-Gingerol,0.3534066942728511
齐墩果酸,C[C@]12CC[C@@H](C([C@@H]1CC[C@@]3([C@@H]2CC=C4[C@]3(CC[C@@]5([C@H]4CC(CC5)(C)C)C(=O)O)C)C)(C)C)O,CC(=CCOC1=C2C(=CC3=C1OC=C3)C=CC(=O)O2)C,Imperatorin,0.32628924310067486
齐墩果酸,C[C@]12CC[C@@H](C([C@@H]1CC[C@@]3([C@@H]2CC=C4[C@]3(CC[C@@]5([C@H]4CC(CC5)(C)C)C(=O)O)C)C)(C)C)O,C1=CC=C(C=C1)N2C3=CC=CC=C3C(C2=O)(CC4=CC=NC=C4)CC5=CC=NC=C5,Linopirdine,0.34680344035879285
齐墩果酸,C[C@]12CC[C@@H](C([C@@H]1CC[C@@]3([C@@H]2CC=C4[C@]3(CC[C@@]5([C@H]4CC(CC5)(C)C)C(=O)O)C)C)(C)C)O,CCCCCCCC/C=C\CCCCCCCC(=O)NNCC1=CC(=C(C=C1)O)OC,OMDM-5,0.22487044999680122
齐墩果酸,C[C@]12CC[C@@H](C([C@@H]1CC[C@@]3([C@@H]2CC=C4[C@]3(CC[C@@]5([C@H]4CC(CC5)(C)C)C(=O)O)C)C)(C)C)O,C[C@@H]1C[C@]2([C@H]3[C@H]4[C@]1([C@@H]5C=C(C(=O)[C@]5(CC(=C4)COC(=O)CC6=CC(=C(C=C6)O)OC)O)C)O[C@](O3)(O2)CC7=CC=CC=C7)C(=C)C,Resiniferatoxin,0.3981768114862504
齐墩果酸,C[C@]12CC[C@@H](C([C@@H]1CC[C@@]3([C@@H]2CC=C4[C@]3(CC[C@@]5([C@H]4CC(CC5)(C)C)C(=O)O)C)C)(C)C)O,CC(C)/C=C/CCCCC(=O)NCC1=CC(=C(C=C1)O)OC,Capsaicin,0.3293316647884367
齐墩果酸,C[C@]12CC[C@@H](C([C@@H]1CC[C@@]3([C@@H]2CC=C4[C@]3(CC[C@@]5([C@H]4CC(CC5)(C)C)C(=O)O)C)C)(C)C)O,CC(C)CCCCCCC(=O)OCC1=CC(=C(C=C1)O)OC,Dihydrocapsiate,0.3587086472257947
齐墩果酸,C[C@]12CC[C@@H](C([C@@H]1CC[C@@]3([C@@H]2CC=C4[C@]3(CC[C@@]5([C@H]4CC(CC5)(C)C)C(=O)O)C)C)(C)C)O,CC(C)(C)C1=CC=C(C=C1)CC(CNC(=S)NCC2=CC(=C(C=C2)O)OC)COC(=O)C(C)(C)C,JYL-273,0.2702841839932392
齐墩果酸,C[C@]12CC[C@@H](C([C@@H]1CC[C@@]3([C@@H]2CC=C4[C@]3(CC[C@@]5([C@H]4CC(CC5)(C)C)C(=O)O)C)C)(C)C)O,CC(CC1=CC2=C(C=C1)OCO2)NCC(C3=CC(=C(C=C3)O)O)O,Protokylol,0.31473578495191534
齐墩果酸,C[C@]12CC[C@@H](C([C@@H]1CC[C@@]3([C@@H]2CC=C4[C@]3(CC[C@@]5([C@H]4CC(CC5)(C)C)C(=O)O)C)C)(C)C)O,CC(C)/C=C/CCCCC(=O)NCC1=CC(=C(C=C1)OC(=O)N2CCCCC2CNC)OC,Vocacapsaicin,0.29847868884344597
齐墩果酸,C[C@]12CC[C@@H](C([C@@H]1CC[C@@]3([C@@H]2CC=C4[C@]3(CC[C@@]5([C@H]4CC(CC5)(C)C)C(=O)O)C)C)(C)C)O,CC1=C(C=C(C=C1)CC(CNC(=O)CC2=CC(=C(C=C2)OCCN)OC)COC(=O)C(C)(C)C)C,MSK-195,0.2807771407565459
齐墩果酸,C[C@]12CC[C@@H](C([C@@H]1CC[C@@]3([C@@H]2CC=C4[C@]3(CC[C@@]5([C@H]4CC(CC5)(C)C)C(=O)O)C)C)(C)C)O,CC/C=C\C/C=C\C/C=C\CCCCCCCC(=O)NCCO,N-Linolenoylethanolamine,0.443075514308974
齐墩果酸,C[C@]12CC[C@@H](C([C@@H]1CC[C@@]3([C@@H]2CC=C4[C@]3(CC[C@@]5([C@H]4CC(CC5)(C)C)C(=O)O)C)C)(C)C)O,CCCCCCCC/C=C\CCCCCCCC(=O)NCC1=CC(=C(C=C1)O)OC,Olvanil,0.3410728185174875
齐墩果酸,C[C@]12CC[C@@H](C([C@@H]1CC[C@@]3([C@@H]2CC=C4[C@]3(CC[C@@]5([C@H]4CC(CC5)(C)C)C(=O)O)C)C)(C)C)O,COC1=C(C=CC(=C1)CNC(=O)CCCC2=CC=CS2)O,MSP-3,0.2659901137681738
齐墩果酸,C[C@]12CC[C@@H](C([C@@H]1CC[C@@]3([C@@H]2CC=C4[C@]3(CC[C@@]5([C@H]4CC(CC5)(C)C)C(=O)O)C)C)(C)C)O,CCCCC/C=C\C/C=C\C/C=C\C/C=C\CCCC(=O)NCCC1=CC(=C(C=C1)O)O,N-Arachidonyldopamine,0.411819097936478
齐墩果酸,C[C@]12CC[C@@H](C([C@@H]1CC[C@@]3([C@@H]2CC=C4[C@]3(CC[C@@]5([C@H]4CC(CC5)(C)C)C(=O)O)C)C)(C)C)O,CCCCC/C=C\C/C=C\C/C=C\C/C=C\CCCC(=O)N[C@H](C)CO,(R)-Methanandamide,0.3541070288897105
鸡屎藤次苷甲酯,COC(=O)C1=CO[C@H]([C@H]2[C@@H]1[C@@H](C=C2CO)O)O[C@H]3[C@@H]([C@H]([C@@H]([C@H](O3)CO)O)O)O,CCCCCCC[C@@H](CC(=O)CCC1=CC(=C(C=C1)O)OC)O,8-Gingerol,0.34620227938070214
鸡屎藤次苷甲酯,COC(=O)C1=CO[C@H]([C@H]2[C@@H]1[C@@H](C=C2CO)O)O[C@H]3[C@@H]([C@H]([C@@H]([C@H](O3)CO)O)O)O,CC(=CCOC1=C2C(=CC3=C1OC=C3)C=CC(=O)O2)C,Imperatorin,0.3211334771960235
鸡屎藤次苷甲酯,COC(=O)C1=CO[C@H]([C@H]2[C@@H]1[C@@H](C=C2CO)O)O[C@H]3[C@@H]([C@H]([C@@H]([C@H](O3)CO)O)O)O,C1=CC=C(C=C1)N2C3=CC=CC=C3C(C2=O)(CC4=CC=NC=C4)CC5=CC=NC=C5,Linopirdine,0.317449529200795
鸡屎藤次苷甲酯,COC(=O)C1=CO[C@H]([C@H]2[C@@H]1[C@@H](C=C2CO)O)O[C@H]3[C@@H]([C@H]([C@@H]([C@H](O3)CO)O)O)O,CCCCCCCC/C=C\CCCCCCCC(=O)NNCC1=CC(=C(C=C1)O)OC,OMDM-5,0.2563308452224134
鸡屎藤次苷甲酯,COC(=O)C1=CO[C@H]([C@H]2[C@@H]1[C@@H](C=C2CO)O)O[C@H]3[C@@H]([C@H]([C@@H]([C@H](O3)CO)O)O)O,C[C@@H]1C[C@]2([C@H]3[C@H]4[C@]1([C@@H]5C=C(C(=O)[C@]5(CC(=C4)COC(=O)CC6=CC(=C(C=C6)O)OC)O)C)O[C@](O3)(O2)CC7=CC=CC=C7)C(=C)C,Resiniferatoxin,0.41413620635441556
鸡屎藤次苷甲酯,COC(=O)C1=CO[C@H]([C@H]2[C@@H]1[C@@H](C=C2CO)O)O[C@H]3[C@@H]([C@H]([C@@H]([C@H](O3)CO)O)O)O,CC(C)/C=C/CCCCC(=O)NCC1=CC(=C(C=C1)O)OC,Capsaicin,0.30766527663693943
鸡屎藤次苷甲酯,COC(=O)C1=CO[C@H]([C@H]2[C@@H]1[C@@H](C=C2CO)O)O[C@H]3[C@@H]([C@H]([C@@H]([C@H](O3)CO)O)O)O,CC(C)CCCCCCC(=O)OCC1=CC(=C(C=C1)O)OC,Dihydrocapsiate,0.3455898545822353
鸡屎藤次苷甲酯,COC(=O)C1=CO[C@H]([C@H]2[C@@H]1[C@@H](C=C2CO)O)O[C@H]3[C@@H]([C@H]([C@@H]([C@H](O3)CO)O)O)O,CC(C)(C)C1=CC=C(C=C1)CC(CNC(=S)NCC2=CC(=C(C=C2)O)OC)COC(=O)C(C)(C)C,JYL-273,0.28306774223027503
鸡屎藤次苷甲酯,COC(=O)C1=CO[C@H]([C@H]2[C@@H]1[C@@H](C=C2CO)O)O[C@H]3[C@@H]([C@H]([C@@H]([C@H](O3)CO)O)O)O,CC(CC1=CC2=C(C=C1)OCO2)NCC(C3=CC(=C(C=C3)O)O)O,Protokylol,0.3045931523268126
鸡屎藤次苷甲酯,COC(=O)C1=CO[C@H]([C@H]2[C@@H]1[C@@H](C=C2CO)O)O[C@H]3[C@@H]([C@H]([C@@H]([C@H](O3)CO)O)O)O,CC(C)/C=C/CCCCC(=O)NCC1=CC(=C(C=C1)OC(=O)N2CCCCC2CNC)OC,Vocacapsaicin,0.2645581967903729
鸡屎藤次苷甲酯,COC(=O)C1=CO[C@H]([C@H]2[C@@H]1[C@@H](C=C2CO)O)O[C@H]3[C@@H]([C@H]([C@@H]([C@H](O3)CO)O)O)O,CC1=C(C=C(C=C1)CC(CNC(=O)CC2=CC(=C(C=C2)OCCN)OC)COC(=O)C(C)(C)C)C,MSK-195,0.2647852112100112
鸡屎藤次苷甲酯,COC(=O)C1=CO[C@H]([C@H]2[C@@H]1[C@@H](C=C2CO)O)O[C@H]3[C@@H]([C@H]([C@@H]([C@H](O3)CO)O)O)O,CC/C=C\C/C=C\C/C=C\CCCCCCCC(=O)NCCO,N-Linolenoylethanolamine,0.45997364404317265
鸡屎藤次苷甲酯,COC(=O)C1=CO[C@H]([C@H]2[C@@H]1[C@@H](C=C2CO)O)O[C@H]3[C@@H]([C@H]([C@@H]([C@H](O3)CO)O)O)O,CCCCCCCC/C=C\CCCCCCCC(=O)NCC1=CC(=C(C=C1)O)OC,Olvanil,0.3271561750864011
鸡屎藤次苷甲酯,COC(=O)C1=CO[C@H]([C@H]2[C@@H]1[C@@H](C=C2CO)O)O[C@H]3[C@@H]([C@H]([C@@H]([C@H](O3)CO)O)O)O,COC1=C(C=CC(=C1)CNC(=O)CCCC2=CC=CS2)O,MSP-3,0.25990796227904017
鸡屎藤次苷甲酯,COC(=O)C1=CO[C@H]([C@H]2[C@@H]1[C@@H](C=C2CO)O)O[C@H]3[C@@H]([C@H]([C@@H]([C@H](O3)CO)O)O)O,CCCCC/C=C\C/C=C\C/C=C\C/C=C\CCCC(=O)NCCC1=CC(=C(C=C1)O)O,N-Arachidonyldopamine,0.4319266060769564
鸡屎藤次苷甲酯,COC(=O)C1=CO[C@H]([C@H]2[C@@H]1[C@@H](C=C2CO)O)O[C@H]3[C@@H]([C@H]([C@@H]([C@H](O3)CO)O)O)O,CCCCC/C=C\C/C=C\C/C=C\C/C=C\CCCC(=O)N[C@H](C)CO,(R)-Methanandamide,0.3591394990239698
车叶草苷,CC(=O)OCC1=C[C@H]2[C@H]3[C@@H]1[C@@H](OC=C3C(=O)O2)O[C@H]4[C@@H]([C@H]([C@@H]([C@H](O4)CO)O)O)O,CCCCCCC[C@@H](CC(=O)CCC1=CC(=C(C=C1)O)OC)O,8-Gingerol,0.3499195354748258
车叶草苷,CC(=O)OCC1=C[C@H]2[C@H]3[C@@H]1[C@@H](OC=C3C(=O)O2)O[C@H]4[C@@H]([C@H]([C@@H]([C@H](O4)CO)O)O)O,CC(=CCOC1=C2C(=CC3=C1OC=C3)C=CC(=O)O2)C,Imperatorin,0.2923205496394223
车叶草苷,CC(=O)OCC1=C[C@H]2[C@H]3[C@@H]1[C@@H](OC=C3C(=O)O2)O[C@H]4[C@@H]([C@H]([C@@H]([C@H](O4)CO)O)O)O,C1=CC=C(C=C1)N2C3=CC=CC=C3C(C2=O)(CC4=CC=NC=C4)CC5=CC=NC=C5,Linopirdine,0.31002144298280376
车叶草苷,CC(=O)OCC1=C[C@H]2[C@H]3[C@@H]1[C@@H](OC=C3C(=O)O2)O[C@H]4[C@@H]([C@H]([C@@H]([C@H](O4)CO)O)O)O,CCCCCCCC/C=C\CCCCCCCC(=O)NNCC1=CC(=C(C=C1)O)OC,OMDM-5,0.22895896336373073
车叶草苷,CC(=O)OCC1=C[C@H]2[C@H]3[C@@H]1[C@@H](OC=C3C(=O)O2)O[C@H]4[C@@H]([C@H]([C@@H]([C@H](O4)CO)O)O)O,C[C@@H]1C[C@]2([C@H]3[C@H]4[C@]1([C@@H]5C=C(C(=O)[C@]5(CC(=C4)COC(=O)CC6=CC(=C(C=C6)O)OC)O)C)O[C@](O3)(O2)CC7=CC=CC=C7)C(=C)C,Resiniferatoxin,0.40475150610565486
车叶草苷,CC(=O)OCC1=C[C@H]2[C@H]3[C@@H]1[C@@H](OC=C3C(=O)O2)O[C@H]4[C@@H]([C@H]([C@@H]([C@H](O4)CO)O)O)O,CC(C)/C=C/CCCCC(=O)NCC1=CC(=C(C=C1)O)OC,Capsaicin,0.30493262905025464
车叶草苷,CC(=O)OCC1=C[C@H]2[C@H]3[C@@H]1[C@@H](OC=C3C(=O)O2)O[C@H]4[C@@H]([C@H]([C@@H]([C@H](O4)CO)O)O)O,CC(C)CCCCCCC(=O)OCC1=CC(=C(C=C1)O)OC,Dihydrocapsiate,0.3321224648009313
车叶草苷,CC(=O)OCC1=C[C@H]2[C@H]3[C@@H]1[C@@H](OC=C3C(=O)O2)O[C@H]4[C@@H]([C@H]([C@@H]([C@H](O4)CO)O)O)O,CC(C)(C)C1=CC=C(C=C1)CC(CNC(=S)NCC2=CC(=C(C=C2)O)OC)COC(=O)C(C)(C)C,JYL-273,0.28397358678880835
车叶草苷,CC(=O)OCC1=C[C@H]2[C@H]3[C@@H]1[C@@H](OC=C3C(=O)O2)O[C@H]4[C@@H]([C@H]([C@@H]([C@H](O4)CO)O)O)O,CC(CC1=CC2=C(C=C1)OCO2)NCC(C3=CC(=C(C=C3)O)O)O,Protokylol,0.2961780683712331
车叶草苷,CC(=O)OCC1=C[C@H]2[C@H]3[C@@H]1[C@@H](OC=C3C(=O)O2)O[C@H]4[C@@H]([C@H]([C@@H]([C@H](O4)CO)O)O)O,CC(C)/C=C/CCCCC(=O)NCC1=CC(=C(C=C1)OC(=O)N2CCCCC2CNC)OC,Vocacapsaicin,0.2567504311172869
车叶草苷,CC(=O)OCC1=C[C@H]2[C@H]3[C@@H]1[C@@H](OC=C3C(=O)O2)O[C@H]4[C@@H]([C@H]([C@@H]([C@H](O4)CO)O)O)O,CC1=C(C=C(C=C1)CC(CNC(=O)CC2=CC(=C(C=C2)OCCN)OC)COC(=O)C(C)(C)C)C,MSK-195,0.2643708531772312
车叶草苷,CC(=O)OCC1=C[C@H]2[C@H]3[C@@H]1[C@@H](OC=C3C(=O)O2)O[C@H]4[C@@H]([C@H]([C@@H]([C@H](O4)CO)O)O)O,CC/C=C\C/C=C\C/C=C\CCCCCCCC(=O)NCCO,N-Linolenoylethanolamine,0.4470883275640477
车叶草苷,CC(=O)OCC1=C[C@H]2[C@H]3[C@@H]1[C@@H](OC=C3C(=O)O2)O[C@H]4[C@@H]([C@H]([C@@H]([C@H](O4)CO)O)O)O,CCCCCCCC/C=C\CCCCCCCC(=O)NCC1=CC(=C(C=C1)O)OC,Olvanil,0.3110636179591113
车叶草苷,CC(=O)OCC1=C[C@H]2[C@H]3[C@@H]1[C@@H](OC=C3C(=O)O2)O[C@H]4[C@@H]([C@H]([C@@H]([C@H](O4)CO)O)O)O,COC1=C(C=CC(=C1)CNC(=O)CCCC2=CC=CS2)O,MSP-3,0.2642919251642211
车叶草苷,CC(=O)OCC1=C[C@H]2[C@H]3[C@@H]1[C@@H](OC=C3C(=O)O2)O[C@H]4[C@@H]([C@H]([C@@H]([C@H](O4)CO)O)O)O,CCCCC/C=C\C/C=C\C/C=C\C/C=C\CCCC(=O)NCCC1=CC(=C(C=C1)O)O,N-Arachidonyldopamine,0.4260102807082251
车叶草苷,CC(=O)OCC1=C[C@H]2[C@H]3[C@@H]1[C@@H](OC=C3C(=O)O2)O[C@H]4[C@@H]([C@H]([C@@H]([C@H](O4)CO)O)O)O,CCCCC/C=C\C/C=C\C/C=C\C/C=C\CCCC(=O)N[C@H](C)CO,(R)-Methanandamide,0.3477338762308724
东莨菪素,COC1=C(C=C2C(=C1)C=CC(=O)O2)O,CCCCCCC[C@@H](CC(=O)CCC1=CC(=C(C=C1)O)OC)O,8-Gingerol,0.591843007039981
东莨菪素,COC1=C(C=C2C(=C1)C=CC(=O)O2)O,CC(=CCOC1=C2C(=CC3=C1OC=C3)C=CC(=O)O2)C,Imperatorin,0.547477453042599
东莨菪素,COC1=C(C=C2C(=C1)C=CC(=O)O2)O,C1=CC=C(C=C1)N2C3=CC=CC=C3C(C2=O)(CC4=CC=NC=C4)CC5=CC=NC=C5,Linopirdine,0.62369504555181
东莨菪素,COC1=C(C=C2C(=C1)C=CC(=O)O2)O,CCCCCCCC/C=C\CCCCCCCC(=O)NNCC1=CC(=C(C=C1)O)OC,OMDM-5,0.47309601604788143
东莨菪素,COC1=C(C=C2C(=C1)C=CC(=O)O2)O,C[C@@H]1C[C@]2([C@H]3[C@H]4[C@]1([C@@H]5C=C(C(=O)[C@]5(CC(=C4)COC(=O)CC6=CC(=C(C=C6)O)OC)O)C)O[C@](O3)(O2)CC7=CC=CC=C7)C(=C)C,Resiniferatoxin,0.5874817853721528
东莨菪素,COC1=C(C=C2C(=C1)C=CC(=O)O2)O,CC(C)/C=C/CCCCC(=O)NCC1=CC(=C(C=C1)O)OC,Capsaicin,0.6514483515425635
东莨菪素,COC1=C(C=C2C(=C1)C=CC(=O)O2)O,CC(C)CCCCCCC(=O)OCC1=CC(=C(C=C1)O)OC,Dihydrocapsiate,0.5305807709620212
东莨菪素,COC1=C(C=C2C(=C1)C=CC(=O)O2)O,CC(C)(C)C1=CC=C(C=C1)CC(CNC(=S)NCC2=CC(=C(C=C2)O)OC)COC(=O)C(C)(C)C,JYL-273,0.5562747228746416
东莨菪素,COC1=C(C=C2C(=C1)C=CC(=O)O2)O,CC(CC1=CC2=C(C=C1)OCO2)NCC(C3=CC(=C(C=C3)O)O)O,Protokylol,0.5690633433150831
东莨菪素,COC1=C(C=C2C(=C1)C=CC(=O)O2)O,CC(C)/C=C/CCCCC(=O)NCC1=CC(=C(C=C1)OC(=O)N2CCCCC2CNC)OC,Vocacapsaicin,0.6490732183891439
东莨菪素,COC1=C(C=C2C(=C1)C=CC(=O)O2)O,CC1=C(C=C(C=C1)CC(CNC(=O)CC2=CC(=C(C=C2)OCCN)OC)COC(=O)C(C)(C)C)C,MSK-195,0.5140634691947994
东莨菪素,COC1=C(C=C2C(=C1)C=CC(=O)O2)O,CC/C=C\C/C=C\C/C=C\CCCCCCCC(=O)NCCO,N-Linolenoylethanolamine,0.4886623234325628
东莨菪素,COC1=C(C=C2C(=C1)C=CC(=O)O2)O,CCCCCCCC/C=C\CCCCCCCC(=O)NCC1=CC(=C(C=C1)O)OC,Olvanil,0.6183013130528643
东莨菪素,COC1=C(C=C2C(=C1)C=CC(=O)O2)O,COC1=C(C=CC(=C1)CNC(=O)CCCC2=CC=CS2)O,MSP-3,0.4793599487432689
东莨菪素,COC1=C(C=C2C(=C1)C=CC(=O)O2)O,CCCCC/C=C\C/C=C\C/C=C\C/C=C\CCCC(=O)NCCC1=CC(=C(C=C1)O)O,N-Arachidonyldopamine,0.46222809548661903
东莨菪素,COC1=C(C=C2C(=C1)C=CC(=O)O2)O,CCCCC/C=C\C/C=C\C/C=C\C/C=C\CCCC(=O)N[C@H](C)CO,(R)-Methanandamide,0.5586515868500574
秦皮乙素,C1=CC(=O)OC2=CC(=C(C=C21)O)O,CCCCCCC[C@@H](CC(=O)CCC1=CC(=C(C=C1)O)OC)O,8-Gingerol,0.5288040871080573
秦皮乙素,C1=CC(=O)OC2=CC(=C(C=C21)O)O,CC(=CCOC1=C2C(=CC3=C1OC=C3)C=CC(=O)O2)C,Imperatorin,0.5249415085646427
秦皮乙素,C1=CC(=O)OC2=CC(=C(C=C21)O)O,C1=CC=C(C=C1)N2C3=CC=CC=C3C(C2=O)(CC4=CC=NC=C4)CC5=CC=NC=C5,Linopirdine,0.5771378845381334
秦皮乙素,C1=CC(=O)OC2=CC(=C(C=C21)O)O,CCCCCCCC/C=C\CCCCCCCC(=O)NNCC1=CC(=C(C=C1)O)OC,OMDM-5,0.46194139935219924
秦皮乙素,C1=CC(=O)OC2=CC(=C(C=C21)O)O,C[C@@H]1C[C@]2([C@H]3[C@H]4[C@]1([C@@H]5C=C(C(=O)[C@]5(CC(=C4)COC(=O)CC6=CC(=C(C=C6)O)OC)O)C)O[C@](O3)(O2)CC7=CC=CC=C7)C(=C)C,Resiniferatoxin,0.5145519205798255
秦皮乙素,C1=CC(=O)OC2=CC(=C(C=C21)O)O,CC(C)/C=C/CCCCC(=O)NCC1=CC(=C(C=C1)O)OC,Capsaicin,0.5943332874582405
秦皮乙素,C1=CC(=O)OC2=CC(=C(C=C21)O)O,CC(C)CCCCCCC(=O)OCC1=CC(=C(C=C1)O)OC,Dihydrocapsiate,0.4862607922898883
秦皮乙素,C1=CC(=O)OC2=CC(=C(C=C21)O)O,CC(C)(C)C1=CC=C(C=C1)CC(CNC(=S)NCC2=CC(=C(C=C2)O)OC)COC(=O)C(C)(C)C,JYL-273,0.4973415091036498
秦皮乙素,C1=CC(=O)OC2=CC(=C(C=C21)O)O,CC(CC1=CC2=C(C=C1)OCO2)NCC(C3=CC(=C(C=C3)O)O)O,Protokylol,0.5304674857010996
秦皮乙素,C1=CC(=O)OC2=CC(=C(C=C21)O)O,CC(C)/C=C/CCCCC(=O)NCC1=CC(=C(C=C1)OC(=O)N2CCCCC2CNC)OC,Vocacapsaicin,0.5870566103415894
秦皮乙素,C1=CC(=O)OC2=CC(=C(C=C21)O)O,CC1=C(C=C(C=C1)CC(CNC(=O)CC2=CC(=C(C=C2)OCCN)OC)COC(=O)C(C)(C)C)C,MSK-195,0.4892108947764733
秦皮乙素,C1=CC(=O)OC2=CC(=C(C=C21)O)O,CC/C=C\C/C=C\C/C=C\CCCCCCCC(=O)NCCO,N-Linolenoylethanolamine,0.4554104237780396
秦皮乙素,C1=CC(=O)OC2=CC(=C(C=C21)O)O,CCCCCCCC/C=C\CCCCCCCC(=O)NCC1=CC(=C(C=C1)O)OC,Olvanil,0.5975837781196753
秦皮乙素,C1=CC(=O)OC2=CC(=C(C=C21)O)O,COC1=C(C=CC(=C1)CNC(=O)CCCC2=CC=CS2)O,MSP-3,0.4615275703271011
秦皮乙素,C1=CC(=O)OC2=CC(=C(C=C21)O)O,CCCCC/C=C\C/C=C\C/C=C\C/C=C\CCCC(=O)NCCC1=CC(=C(C=C1)O)O,N-Arachidonyldopamine,0.4539871357878701
秦皮乙素,C1=CC(=O)OC2=CC(=C(C=C21)O)O,CCCCC/C=C\C/C=C\C/C=C\C/C=C\CCCC(=O)N[C@H](C)CO,(R)-Methanandamide,0.48834292599670537
4-香豆酸,C1=CC(=CC=C1/C=C/C(=O)O)O,CCCCCCC[C@@H](CC(=O)CCC1=CC(=C(C=C1)O)OC)O,8-Gingerol,0.5824494309049146
4-香豆酸,C1=CC(=CC=C1/C=C/C(=O)O)O,CC(=CCOC1=C2C(=CC3=C1OC=C3)C=CC(=O)O2)C,Imperatorin,0.5511539829788497
4-香豆酸,C1=CC(=CC=C1/C=C/C(=O)O)O,C1=CC=C(C=C1)N2C3=CC=CC=C3C(C2=O)(CC4=CC=NC=C4)CC5=CC=NC=C5,Linopirdine,0.6300763581759914
4-香豆酸,C1=CC(=CC=C1/C=C/C(=O)O)O,CCCCCCCC/C=C\CCCCCCCC(=O)NNCC1=CC(=C(C=C1)O)OC,OMDM-5,0.5109372624564161
4-香豆酸,C1=CC(=CC=C1/C=C/C(=O)O)O,C[C@@H]1C[C@]2([C@H]3[C@H]4[C@]1([C@@H]5C=C(C(=O)[C@]5(CC(=C4)COC(=O)CC6=CC(=C(C=C6)O)OC)O)C)O[C@](O3)(O2)CC7=CC=CC=C7)C(=C)C,Resiniferatoxin,0.5967803008533703
4-香豆酸,C1=CC(=CC=C1/C=C/C(=O)O)O,CC(C)/C=C/CCCCC(=O)NCC1=CC(=C(C=C1)O)OC,Capsaicin,0.6912277479362245
4-香豆酸,C1=CC(=CC=C1/C=C/C(=O)O)O,CC(C)CCCCCCC(=O)OCC1=CC(=C(C=C1)O)OC,Dihydrocapsiate,0.5147192459519605
4-香豆酸,C1=CC(=CC=C1/C=C/C(=O)O)O,CC(C)(C)C1=CC=C(C=C1)CC(CNC(=S)NCC2=CC(=C(C=C2)O)OC)COC(=O)C(C)(C)C,JYL-273,0.5550352116096002
4-香豆酸,C1=CC(=CC=C1/C=C/C(=O)O)O,CC(CC1=CC2=C(C=C1)OCO2)NCC(C3=CC(=C(C=C3)O)O)O,Protokylol,0.5427969573942611
4-香豆酸,C1=CC(=CC=C1/C=C/C(=O)O)O,CC(C)/C=C/CCCCC(=O)NCC1=CC(=C(C=C1)OC(=O)N2CCCCC2CNC)OC,Vocacapsaicin,0.6462865129125743
4-香豆酸,C1=CC(=CC=C1/C=C/C(=O)O)O,CC1=C(C=C(C=C1)CC(CNC(=O)CC2=CC(=C(C=C2)OCCN)OC)COC(=O)C(C)(C)C)C,MSK-195,0.5523650527758277
4-香豆酸,C1=CC(=CC=C1/C=C/C(=O)O)O,CC/C=C\C/C=C\C/C=C\CCCCCCCC(=O)NCCO,N-Linolenoylethanolamine,0.5525189377005372
4-香豆酸,C1=CC(=CC=C1/C=C/C(=O)O)O,CCCCCCCC/C=C\CCCCCCCC(=O)NCC1=CC(=C(C=C1)O)OC,Olvanil,0.6593707393057968
4-香豆酸,C1=CC(=CC=C1/C=C/C(=O)O)O,COC1=C(C=CC(=C1)CNC(=O)CCCC2=CC=CS2)O,MSP-3,0.5496985871380293
4-香豆酸,C1=CC(=CC=C1/C=C/C(=O)O)O,CCCCC/C=C\C/C=C\C/C=C\C/C=C\CCCC(=O)NCCC1=CC(=C(C=C1)O)O,N-Arachidonyldopamine,0.5592624518876432
4-香豆酸,C1=CC(=CC=C1/C=C/C(=O)O)O,CCCCC/C=C\C/C=C\C/C=C\C/C=C\CCCC(=O)N[C@H](C)CO,(R)-Methanandamide,0.6164484039447866
阿魏酸,COC1=C(C=CC(=C1)/C=C/C(=O)O)O,CCCCCCC[C@@H](CC(=O)CCC1=CC(=C(C=C1)O)OC)O,8-Gingerol,0.6068967381955827
阿魏酸,COC1=C(C=CC(=C1)/C=C/C(=O)O)O,CC(=CCOC1=C2C(=CC3=C1OC=C3)C=CC(=O)O2)C,Imperatorin,0.5310451494655226
阿魏酸,COC1=C(C=CC(=C1)/C=C/C(=O)O)O,C1=CC=C(C=C1)N2C3=CC=CC=C3C(C2=O)(CC4=CC=NC=C4)CC5=CC=NC=C5,Linopirdine,0.6130425552412486
阿魏酸,COC1=C(C=CC(=C1)/C=C/C(=O)O)O,CCCCCCCC/C=C\CCCCCCCC(=O)NNCC1=CC(=C(C=C1)O)OC,OMDM-5,0.4659409313025793
阿魏酸,COC1=C(C=CC(=C1)/C=C/C(=O)O)O,C[C@@H]1C[C@]2([C@H]3[C@H]4[C@]1([C@@H]5C=C(C(=O)[C@]5(CC(=C4)COC(=O)CC6=CC(=C(C=C6)O)OC)O)C)O[C@](O3)(O2)CC7=CC=CC=C7)C(=C)C,Resiniferatoxin,0.6069939134634985
阿魏酸,COC1=C(C=CC(=C1)/C=C/C(=O)O)O,CC(C)/C=C/CCCCC(=O)NCC1=CC(=C(C=C1)O)OC,Capsaicin,0.650266476577378
阿魏酸,COC1=C(C=CC(=C1)/C=C/C(=O)O)O,CC(C)CCCCCCC(=O)OCC1=CC(=C(C=C1)O)OC,Dihydrocapsiate,0.527095437716703
阿魏酸,COC1=C(C=CC(=C1)/C=C/C(=O)O)O,CC(C)(C)C1=CC=C(C=C1)CC(CNC(=S)NCC2=CC(=C(C=C2)O)OC)COC(=O)C(C)(C)C,JYL-273,0.5588396035005107
阿魏酸,COC1=C(C=CC(=C1)/C=C/C(=O)O)O,CC(CC1=CC2=C(C=C1)OCO2)NCC(C3=CC(=C(C=C3)O)O)O,Protokylol,0.5619491273837075
阿魏酸,COC1=C(C=CC(=C1)/C=C/C(=O)O)O,CC(C)/C=C/CCCCC(=O)NCC1=CC(=C(C=C1)OC(=O)N2CCCCC2CNC)OC,Vocacapsaicin,0.6335510380508514
阿魏酸,COC1=C(C=CC(=C1)/C=C/C(=O)O)O,CC1=C(C=C(C=C1)CC(CNC(=O)CC2=CC(=C(C=C2)OCCN)OC)COC(=O)C(C)(C)C)C,MSK-195,0.5053226818995917
阿魏酸,COC1=C(C=CC(=C1)/C=C/C(=O)O)O,CC/C=C\C/C=C\C/C=C\CCCCCCCC(=O)NCCO,N-Linolenoylethanolamine,0.5700144587593206
阿魏酸,COC1=C(C=CC(=C1)/C=C/C(=O)O)O,CCCCCCCC/C=C\CCCCCCCC(=O)NCC1=CC(=C(C=C1)O)OC,Olvanil,0.6229474432459416
阿魏酸,COC1=C(C=CC(=C1)/C=C/C(=O)O)O,COC1=C(C=CC(=C1)CNC(=O)CCCC2=CC=CS2)O,MSP-3,0.5084632639261841
阿魏酸,COC1=C(C=CC(=C1)/C=C/C(=O)O)O,CCCCC/C=C\C/C=C\C/C=C\C/C=C\CCCC(=O)NCCC1=CC(=C(C=C1)O)O,N-Arachidonyldopamine,0.5492645597849477
阿魏酸,COC1=C(C=CC(=C1)/C=C/C(=O)O)O,CCCCC/C=C\C/C=C\C/C=C\C/C=C\CCCC(=O)N[C@H](C)CO,(R)-Methanandamide,0.6079956628387408
山奈酚,C1=CC(=CC=C1C2=C(C(=O)C3=C(C=C(C=C3O2)O)O)O)O,CCCCCCC[C@@H](CC(=O)CCC1=CC(=C(C=C1)O)OC)O,8-Gingerol,0.36199593696134336
山奈酚,C1=CC(=CC=C1C2=C(C(=O)C3=C(C=C(C=C3O2)O)O)O)O,CC(=CCOC1=C2C(=CC3=C1OC=C3)C=CC(=O)O2)C,Imperatorin,0.3169130367126199
山奈酚,C1=CC(=CC=C1C2=C(C(=O)C3=C(C=C(C=C3O2)O)O)O)O,C1=CC=C(C=C1)N2C3=CC=CC=C3C(C2=O)(CC4=CC=NC=C4)CC5=CC=NC=C5,Linopirdine,0.37003621398682157
山奈酚,C1=CC(=CC=C1C2=C(C(=O)C3=C(C=C(C=C3O2)O)O)O)O,CCCCCCCC/C=C\CCCCCCCC(=O)NNCC1=CC(=C(C=C1)O)OC,OMDM-5,0.30097592549966534
山奈酚,C1=CC(=CC=C1C2=C(C(=O)C3=C(C=C(C=C3O2)O)O)O)O,C[C@@H]1C[C@]2([C@H]3[C@H]4[C@]1([C@@H]5C=C(C(=O)[C@]5(CC(=C4)COC(=O)CC6=CC(=C(C=C6)O)OC)O)C)O[C@](O3)(O2)CC7=CC=CC=C7)C(=C)C,Resiniferatoxin,0.38347341173113547
山奈酚,C1=CC(=CC=C1C2=C(C(=O)C3=C(C=C(C=C3O2)O)O)O)O,CC(C)/C=C/CCCCC(=O)NCC1=CC(=C(C=C1)O)OC,Capsaicin,0.4093048570533022
山奈酚,C1=CC(=CC=C1C2=C(C(=O)C3=C(C=C(C=C3O2)O)O)O)O,CC(C)CCCCCCC(=O)OCC1=CC(=C(C=C1)O)OC,Dihydrocapsiate,0.32283679854064395
山奈酚,C1=CC(=CC=C1C2=C(C(=O)C3=C(C=C(C=C3O2)O)O)O)O,CC(C)(C)C1=CC=C(C=C1)CC(CNC(=S)NCC2=CC(=C(C=C2)O)OC)COC(=O)C(C)(C)C,JYL-273,0.3559155289134543
山奈酚,C1=CC(=CC=C1C2=C(C(=O)C3=C(C=C(C=C3O2)O)O)O)O,CC(CC1=CC2=C(C=C1)OCO2)NCC(C3=CC(=C(C=C3)O)O)O,Protokylol,0.3527492348057877
山奈酚,C1=CC(=CC=C1C2=C(C(=O)C3=C(C=C(C=C3O2)O)O)O)O,CC(C)/C=C/CCCCC(=O)NCC1=CC(=C(C=C1)OC(=O)N2CCCCC2CNC)OC,Vocacapsaicin,0.3638575377180436
山奈酚,C1=CC(=CC=C1C2=C(C(=O)C3=C(C=C(C=C3O2)O)O)O)O,CC1=C(C=C(C=C1)CC(CNC(=O)CC2=CC(=C(C=C2)OCCN)OC)COC(=O)C(C)(C)C)C,MSK-195,0.36108081480260557
山奈酚,C1=CC(=CC=C1C2=C(C(=O)C3=C(C=C(C=C3O2)O)O)O)O,CC/C=C\C/C=C\C/C=C\CCCCCCCC(=O)NCCO,N-Linolenoylethanolamine,0.3858904237022688
山奈酚,C1=CC(=CC=C1C2=C(C(=O)C3=C(C=C(C=C3O2)O)O)O)O,CCCCCCCC/C=C\CCCCCCCC(=O)NCC1=CC(=C(C=C1)O)OC,Olvanil,0.386832870824883
山奈酚,C1=CC(=CC=C1C2=C(C(=O)C3=C(C=C(C=C3O2)O)O)O)O,COC1=C(C=CC(=C1)CNC(=O)CCCC2=CC=CS2)O,MSP-3,0.33332542772214024
山奈酚,C1=CC(=CC=C1C2=C(C(=O)C3=C(C=C(C=C3O2)O)O)O)O,CCCCC/C=C\C/C=C\C/C=C\C/C=C\CCCC(=O)NCCC1=CC(=C(C=C1)O)O,N-Arachidonyldopamine,0.352136102986615
山奈酚,C1=CC(=CC=C1C2=C(C(=O)C3=C(C=C(C=C3O2)O)O)O)O,CCCCC/C=C\C/C=C\C/C=C\C/C=C\CCCC(=O)N[C@H](C)CO,(R)-Methanandamide,0.3936472792468189
熊果酸,C[C@@H]1CC[C@@]2(CC[C@@]3(C(=CC[C@H]4[C@]3(CC[C@@H]5[C@@]4(CC[C@@H](C5(C)C)O)C)C)[C@@H]2[C@H]1C)C)C(=O)O,CCCCCCC[C@@H](CC(=O)CCC1=CC(=C(C=C1)O)OC)O,8-Gingerol,0.3515530146103937
熊果酸,C[C@@H]1CC[C@@]2(CC[C@@]3(C(=CC[C@H]4[C@]3(CC[C@@H]5[C@@]4(CC[C@@H](C5(C)C)O)C)C)[C@@H]2[C@H]1C)C)C(=O)O,CC(=CCOC1=C2C(=CC3=C1OC=C3)C=CC(=O)O2)C,Imperatorin,0.3187296642912869
熊果酸,C[C@@H]1CC[C@@]2(CC[C@@]3(C(=CC[C@H]4[C@]3(CC[C@@H]5[C@@]4(CC[C@@H](C5(C)C)O)C)C)[C@@H]2[C@H]1C)C)C(=O)O,C1=CC=C(C=C1)N2C3=CC=CC=C3C(C2=O)(CC4=CC=NC=C4)CC5=CC=NC=C5,Linopirdine,0.3304955248668773
熊果酸,C[C@@H]1CC[C@@]2(CC[C@@]3(C(=CC[C@H]4[C@]3(CC[C@@H]5[C@@]4(CC[C@@H](C5(C)C)O)C)C)[C@@H]2[C@H]1C)C)C(=O)O,CCCCCCCC/C=C\CCCCCCCC(=O)NNCC1=CC(=C(C=C1)O)OC,OMDM-5,0.22428770335289244
熊果酸,C[C@@H]1CC[C@@]2(CC[C@@]3(C(=CC[C@H]4[C@]3(CC[C@@H]5[C@@]4(CC[C@@H](C5(C)C)O)C)C)[C@@H]2[C@H]1C)C)C(=O)O,C[C@@H]1C[C@]2([C@H]3[C@H]4[C@]1([C@@H]5C=C(C(=O)[C@]5(CC(=C4)COC(=O)CC6=CC(=C(C=C6)O)OC)O)C)O[C@](O3)(O2)CC7=CC=CC=C7)C(=C)C,Resiniferatoxin,0.3890317310760717
熊果酸,C[C@@H]1CC[C@@]2(CC[C@@]3(C(=CC[C@H]4[C@]3(CC[C@@H]5[C@@]4(CC[C@@H](C5(C)C)O)C)C)[C@@H]2[C@H]1C)C)C(=O)O,CC(C)/C=C/CCCCC(=O)NCC1=CC(=C(C=C1)O)OC,Capsaicin,0.31537844839101503
熊果酸,C[C@@H]1CC[C@@]2(CC[C@@]3(C(=CC[C@H]4[C@]3(CC[C@@H]5[C@@]4(CC[C@@H](C5(C)C)O)C)C)[C@@H]2[C@H]1C)C)C(=O)O,CC(C)CCCCCCC(=O)OCC1=CC(=C(C=C1)O)OC,Dihydrocapsiate,0.35995550739598847
熊果酸,C[C@@H]1CC[C@@]2(CC[C@@]3(C(=CC[C@H]4[C@]3(CC[C@@H]5[C@@]4(CC[C@@H](C5(C)C)O)C)C)[C@@H]2[C@H]1C)C)C(=O)O,CC(C)(C)C1=CC=C(C=C1)CC(CNC(=S)NCC2=CC(=C(C=C2)O)OC)COC(=O)C(C)(C)C,JYL-273,0.2659256109839979
熊果酸,C[C@@H]1CC[C@@]2(CC[C@@]3(C(=CC[C@H]4[C@]3(CC[C@@H]5[C@@]4(CC[C@@H](C5(C)C)O)C)C)[C@@H]2[C@H]1C)C)C(=O)O,CC(CC1=CC2=C(C=C1)OCO2)NCC(C3=CC(=C(C=C3)O)O)O,Protokylol,0.31309391097436845
熊果酸,C[C@@H]1CC[C@@]2(CC[C@@]3(C(=CC[C@H]4[C@]3(CC[C@@H]5[C@@]4(CC[C@@H](C5(C)C)O)C)C)[C@@H]2[C@H]1C)C)C(=O)O,CC(C)/C=C/CCCCC(=O)NCC1=CC(=C(C=C1)OC(=O)N2CCCCC2CNC)OC,Vocacapsaicin,0.2894422302970614
熊果酸,C[C@@H]1CC[C@@]2(CC[C@@]3(C(=CC[C@H]4[C@]3(CC[C@@H]5[C@@]4(CC[C@@H](C5(C)C)O)C)C)[C@@H]2[C@H]1C)C)C(=O)O,CC1=C(C=C(C=C1)CC(CNC(=O)CC2=CC(=C(C=C2)OCCN)OC)COC(=O)C(C)(C)C)C,MSK-195,0.2787244798785787
熊果酸,C[C@@H]1CC[C@@]2(CC[C@@]3(C(=CC[C@H]4[C@]3(CC[C@@H]5[C@@]4(CC[C@@H](C5(C)C)O)C)C)[C@@H]2[C@H]1C)C)C(=O)O,CC/C=C\C/C=C\C/C=C\CCCCCCCC(=O)NCCO,N-Linolenoylethanolamine,0.46011904785183044
熊果酸,C[C@@H]1CC[C@@]2(CC[C@@]3(C(=CC[C@H]4[C@]3(CC[C@@H]5[C@@]4(CC[C@@H](C5(C)C)O)C)C)[C@@H]2[C@H]1C)C)C(=O)O,CCCCCCCC/C=C\CCCCCCCC(=O)NCC1=CC(=C(C=C1)O)OC,Olvanil,0.32839493129035335
熊果酸,C[C@@H]1CC[C@@]2(CC[C@@]3(C(=CC[C@H]4[C@]3(CC[C@@H]5[C@@]4(CC[C@@H](C5(C)C)O)C)C)[C@@H]2[C@H]1C)C)C(=O)O,COC1=C(C=CC(=C1)CNC(=O)CCCC2=CC=CS2)O,MSP-3,0.2693285084105721
熊果酸,C[C@@H]1CC[C@@]2(CC[C@@]3(C(=CC[C@H]4[C@]3(CC[C@@H]5[C@@]4(CC[C@@H](C5(C)C)O)C)C)[C@@H]2[C@H]1C)C)C(=O)O,CCCCC/C=C\C/C=C\C/C=C\C/C=C\CCCC(=O)NCCC1=CC(=C(C=C1)O)O,N-Arachidonyldopamine,0.4254218860689396
熊果酸,C[C@@H]1CC[C@@]2(CC[C@@]3(C(=CC[C@H]4[C@]3(CC[C@@H]5[C@@]4(CC[C@@H](C5(C)C)O)C)C)[C@@H]2[C@H]1C)C)C(=O)O,CCCCC/C=C\C/C=C\C/C=C\C/C=C\CCCC(=O)N[C@H](C)CO,(R)-Methanandamide,0.3578897471215582
豆甾醇,CC[C@H](/C=C/[C@@H](C)[C@H]1CC[C@@H]2[C@@]1(CC[C@H]3[C@H]2CC=C4[C@@]3(CC[C@@H](C4)O)C)C)C(C)C,CCCCCCC[C@@H](CC(=O)CCC1=CC(=C(C=C1)O)OC)O,8-Gingerol,0.3086376486668924
豆甾醇,CC[C@H](/C=C/[C@@H](C)[C@H]1CC[C@@H]2[C@@]1(CC[C@H]3[C@H]2CC=C4[C@@]3(CC[C@@H](C4)O)C)C)C(C)C,CC(=CCOC1=C2C(=CC3=C1OC=C3)C=CC(=O)O2)C,Imperatorin,0.3043352743396277
豆甾醇,CC[C@H](/C=C/[C@@H](C)[C@H]1CC[C@@H]2[C@@]1(CC[C@H]3[C@H]2CC=C4[C@@]3(CC[C@@H](C4)O)C)C)C(C)C,C1=CC=C(C=C1)N2C3=CC=CC=C3C(C2=O)(CC4=CC=NC=C4)CC5=CC=NC=C5,Linopirdine,0.3048853389033532
豆甾醇,CC[C@H](/C=C/[C@@H](C)[C@H]1CC[C@@H]2[C@@]1(CC[C@H]3[C@H]2CC=C4[C@@]3(CC[C@@H](C4)O)C)C)C(C)C,CCCCCCCC/C=C\CCCCCCCC(=O)NNCC1=CC(=C(C=C1)O)OC,OMDM-5,0.1834765051789055
豆甾醇,CC[C@H](/C=C/[C@@H](C)[C@H]1CC[C@@H]2[C@@]1(CC[C@H]3[C@H]2CC=C4[C@@]3(CC[C@@H](C4)O)C)C)C(C)C,C[C@@H]1C[C@]2([C@H]3[C@H]4[C@]1([C@@H]5C=C(C(=O)[C@]5(CC(=C4)COC(=O)CC6=CC(=C(C=C6)O)OC)O)C)O[C@](O3)(O2)CC7=CC=CC=C7)C(=C)C,Resiniferatoxin,0.3639902836272327
豆甾醇,CC[C@H](/C=C/[C@@H](C)[C@H]1CC[C@@H]2[C@@]1(CC[C@H]3[C@H]2CC=C4[C@@]3(CC[C@@H](C4)O)C)C)C(C)C,CC(C)/C=C/CCCCC(=O)NCC1=CC(=C(C=C1)O)OC,Capsaicin,0.2792758603095673
豆甾醇,CC[C@H](/C=C/[C@@H](C)[C@H]1CC[C@@H]2[C@@]1(CC[C@H]3[C@H]2CC=C4[C@@]3(CC[C@@H](C4)O)C)C)C(C)C,CC(C)CCCCCCC(=O)OCC1=CC(=C(C=C1)O)OC,Dihydrocapsiate,0.3302046485634671
豆甾醇,CC[C@H](/C=C/[C@@H](C)[C@H]1CC[C@@H]2[C@@]1(CC[C@H]3[C@H]2CC=C4[C@@]3(CC[C@@H](C4)O)C)C)C(C)C,CC(C)(C)C1=CC=C(C=C1)CC(CNC(=S)NCC2=CC(=C(C=C2)O)OC)COC(=O)C(C)(C)C,JYL-273,0.23884584193605937
豆甾醇,CC[C@H](/C=C/[C@@H](C)[C@H]1CC[C@@H]2[C@@]1(CC[C@H]3[C@H]2CC=C4[C@@]3(CC[C@@H](C4)O)C)C)C(C)C,CC(CC1=CC2=C(C=C1)OCO2)NCC(C3=CC(=C(C=C3)O)O)O,Protokylol,0.275409406165129
豆甾醇,CC[C@H](/C=C/[C@@H](C)[C@H]1CC[C@@H]2[C@@]1(CC[C@H]3[C@H]2CC=C4[C@@]3(CC[C@@H](C4)O)C)C)C(C)C,CC(C)/C=C/CCCCC(=O)NCC1=CC(=C(C=C1)OC(=O)N2CCCCC2CNC)OC,Vocacapsaicin,0.26925439448148203
豆甾醇,CC[C@H](/C=C/[C@@H](C)[C@H]1CC[C@@H]2[C@@]1(CC[C@H]3[C@H]2CC=C4[C@@]3(CC[C@@H](C4)O)C)C)C(C)C,CC1=C(C=C(C=C1)CC(CNC(=O)CC2=CC(=C(C=C2)OCCN)OC)COC(=O)C(C)(C)C)C,MSK-195,0.23666726208825334
豆甾醇,CC[C@H](/C=C/[C@@H](C)[C@H]1CC[C@@H]2[C@@]1(CC[C@H]3[C@H]2CC=C4[C@@]3(CC[C@@H](C4)O)C)C)C(C)C,CC/C=C\C/C=C\C/C=C\CCCCCCCC(=O)NCCO,N-Linolenoylethanolamine,0.4258268996475908
豆甾醇,CC[C@H](/C=C/[C@@H](C)[C@H]1CC[C@@H]2[C@@]1(CC[C@H]3[C@H]2CC=C4[C@@]3(CC[C@@H](C4)O)C)C)C(C)C,CCCCCCCC/C=C\CCCCCCCC(=O)NCC1=CC(=C(C=C1)O)OC,Olvanil,0.28667744843741466
豆甾醇,CC[C@H](/C=C/[C@@H](C)[C@H]1CC[C@@H]2[C@@]1(CC[C@H]3[C@H]2CC=C4[C@@]3(CC[C@@H](C4)O)C)C)C(C)C,COC1=C(C=CC(=C1)CNC(=O)CCCC2=CC=CS2)O,MSP-3,0.22794392523269702
豆甾醇,CC[C@H](/C=C/[C@@H](C)[C@H]1CC[C@@H]2[C@@]1(CC[C@H]3[C@H]2CC=C4[C@@]3(CC[C@@H](C4)O)C)C)C(C)C,CCCCC/C=C\C/C=C\C/C=C\C/C=C\CCCC(=O)NCCC1=CC(=C(C=C1)O)O,N-Arachidonyldopamine,0.39740656204063723
豆甾醇,CC[C@H](/C=C/[C@@H](C)[C@H]1CC[C@@H]2[C@@]1(CC[C@H]3[C@H]2CC=C4[C@@]3(CC[C@@H](C4)O)C)C)C(C)C,CCCCC/C=C\C/C=C\C/C=C\C/C=C\CCCC(=O)N[C@H](C)CO,(R)-Methanandamide,0.33035226640581633
β-谷甾醇,CC[C@H](CC[C@@H](C)[C@H]1CC[C@@H]2[C@@]1(CC[C@H]3[C@H]2CC=C4[C@@]3(CC[C@@H](C4)O)C)C)C(C)C,CCCCCCC[C@@H](CC(=O)CCC1=CC(=C(C=C1)O)OC)O,8-Gingerol,0.3380774857770639
β-谷甾醇,CC[C@H](CC[C@@H](C)[C@H]1CC[C@@H]2[C@@]1(CC[C@H]3[C@H]2CC=C4[C@@]3(CC[C@@H](C4)O)C)C)C(C)C,CC(=CCOC1=C2C(=CC3=C1OC=C3)C=CC(=O)O2)C,Imperatorin,0.3269553447934148
β-谷甾醇,CC[C@H](CC[C@@H](C)[C@H]1CC[C@@H]2[C@@]1(CC[C@H]3[C@H]2CC=C4[C@@]3(CC[C@@H](C4)O)C)C)C(C)C,C1=CC=C(C=C1)N2C3=CC=CC=C3C(C2=O)(CC4=CC=NC=C4)CC5=CC=NC=C5,Linopirdine,0.3414268593131423
β-谷甾醇,CC[C@H](CC[C@@H](C)[C@H]1CC[C@@H]2[C@@]1(CC[C@H]3[C@H]2CC=C4[C@@]3(CC[C@@H](C4)O)C)C)C(C)C,CCCCCCCC/C=C\CCCCCCCC(=O)NNCC1=CC(=C(C=C1)O)OC,OMDM-5,0.21123586028778985
β-谷甾醇,CC[C@H](CC[C@@H](C)[C@H]1CC[C@@H]2[C@@]1(CC[C@H]3[C@H]2CC=C4[C@@]3(CC[C@@H](C4)O)C)C)C(C)C,C[C@@H]1C[C@]2([C@H]3[C@H]4[C@]1([C@@H]5C=C(C(=O)[C@]5(CC(=C4)COC(=O)CC6=CC(=C(C=C6)O)OC)O)C)O[C@](O3)(O2)CC7=CC=CC=C7)C(=C)C,Resiniferatoxin,0.38164236778837735
β-谷甾醇,CC[C@H](CC[C@@H](C)[C@H]1CC[C@@H]2[C@@]1(CC[C@H]3[C@H]2CC=C4[C@@]3(CC[C@@H](C4)O)C)C)C(C)C,CC(C)/C=C/CCCCC(=O)NCC1=CC(=C(C=C1)O)OC,Capsaicin,0.3100072866050622
β-谷甾醇,CC[C@H](CC[C@@H](C)[C@H]1CC[C@@H]2[C@@]1(CC[C@H]3[C@H]2CC=C4[C@@]3(CC[C@@H](C4)O)C)C)C(C)C,CC(C)CCCCCCC(=O)OCC1=CC(=C(C=C1)O)OC,Dihydrocapsiate,0.35965308133600427
β-谷甾醇,CC[C@H](CC[C@@H](C)[C@H]1CC[C@@H]2[C@@]1(CC[C@H]3[C@H]2CC=C4[C@@]3(CC[C@@H](C4)O)C)C)C(C)C,CC(C)(C)C1=CC=C(C=C1)CC(CNC(=S)NCC2=CC(=C(C=C2)O)OC)COC(=O)C(C)(C)C,JYL-273,0.2765168370018959
β-谷甾醇,CC[C@H](CC[C@@H](C)[C@H]1CC[C@@H]2[C@@]1(CC[C@H]3[C@H]2CC=C4[C@@]3(CC[C@@H](C4)O)C)C)C(C)C,CC(CC1=CC2=C(C=C1)OCO2)NCC(C3=CC(=C(C=C3)O)O)O,Protokylol,0.30910212233482975
β-谷甾醇,CC[C@H](CC[C@@H](C)[C@H]1CC[C@@H]2[C@@]1(CC[C@H]3[C@H]2CC=C4[C@@]3(CC[C@@H](C4)O)C)C)C(C)C,CC(C)/C=C/CCCCC(=O)NCC1=CC(=C(C=C1)OC(=O)N2CCCCC2CNC)OC,Vocacapsaicin,0.2894214498473795
β-谷甾醇,CC[C@H](CC[C@@H](C)[C@H]1CC[C@@H]2[C@@]1(CC[C@H]3[C@H]2CC=C4[C@@]3(CC[C@@H](C4)O)C)C)C(C)C,CC1=C(C=C(C=C1)CC(CNC(=O)CC2=CC(=C(C=C2)OCCN)OC)COC(=O)C(C)(C)C)C,MSK-195,0.2671294149108795
β-谷甾醇,CC[C@H](CC[C@@H](C)[C@H]1CC[C@@H]2[C@@]1(CC[C@H]3[C@H]2CC=C4[C@@]3(CC[C@@H](C4)O)C)C)C(C)C,CC/C=C\C/C=C\C/C=C\CCCCCCCC(=O)NCCO,N-Linolenoylethanolamine,0.44425215141640995
β-谷甾醇,CC[C@H](CC[C@@H](C)[C@H]1CC[C@@H]2[C@@]1(CC[C@H]3[C@H]2CC=C4[C@@]3(CC[C@@H](C4)O)C)C)C(C)C,CCCCCCCC/C=C\CCCCCCCC(=O)NCC1=CC(=C(C=C1)O)OC,Olvanil,0.3227916774848744
β-谷甾醇,CC[C@H](CC[C@@H](C)[C@H]1CC[C@@H]2[C@@]1(CC[C@H]3[C@H]2CC=C4[C@@]3(CC[C@@H](C4)O)C)C)C(C)C,COC1=C(C=CC(=C1)CNC(=O)CCCC2=CC=CS2)O,MSP-3,0.25153007495579854
β-谷甾醇,CC[C@H](CC[C@@H](C)[C@H]1CC[C@@H]2[C@@]1(CC[C@H]3[C@H]2CC=C4[C@@]3(CC[C@@H](C4)O)C)C)C(C)C,CCCCC/C=C\C/C=C\C/C=C\C/C=C\CCCC(=O)NCCC1=CC(=C(C=C1)O)O,N-Arachidonyldopamine,0.4082481710282239
β-谷甾醇,CC[C@H](CC[C@@H](C)[C@H]1CC[C@@H]2[C@@]1(CC[C@H]3[C@H]2CC=C4[C@@]3(CC[C@@H](C4)O)C)C)C(C)C,CCCCC/C=C\C/C=C\C/C=C\C/C=C\CCCC(=O)N[C@H](C)CO,(R)-Methanandamide,0.3375529839538379
胡萝卜甙,CC[C@H](CC[C@@H](C)[C@H]1CC[C@@H]2[C@@]1(CC[C@H]3[C@H]2CC=C4[C@@]3(CC[C@@H](C4)O[C@H]5[C@@H]([C@H]([C@@H]([C@H](O5)CO)O)O)O)C)C)C(C)C,CCCCCCC[C@@H](CC(=O)CCC1=CC(=C(C=C1)O)OC)O,8-Gingerol,0.31556050564172655
胡萝卜甙,CC[C@H](CC[C@@H](C)[C@H]1CC[C@@H]2[C@@]1(CC[C@H]3[C@H]2CC=C4[C@@]3(CC[C@@H](C4)O[C@H]5[C@@H]([C@H]([C@@H]([C@H](O5)CO)O)O)O)C)C)C(C)C,CC(=CCOC1=C2C(=CC3=C1OC=C3)C=CC(=O)O2)C,Imperatorin,0.32130409305940744
胡萝卜甙,CC[C@H](CC[C@@H](C)[C@H]1CC[C@@H]2[C@@]1(CC[C@H]3[C@H]2CC=C4[C@@]3(CC[C@@H](C4)O[C@H]5[C@@H]([C@H]([C@@H]([C@H](O5)CO)O)O)O)C)C)C(C)C,C1=CC=C(C=C1)N2C3=CC=CC=C3C(C2=O)(CC4=CC=NC=C4)CC5=CC=NC=C5,Linopirdine,0.3260552448220608
胡萝卜甙,CC[C@H](CC[C@@H](C)[C@H]1CC[C@@H]2[C@@]1(CC[C@H]3[C@H]2CC=C4[C@@]3(CC[C@@H](C4)O[C@H]5[C@@H]([C@H]([C@@H]([C@H](O5)CO)O)O)O)C)C)C(C)C,CCCCCCCC/C=C\CCCCCCCC(=O)NNCC1=CC(=C(C=C1)O)OC,OMDM-5,0.207975929765265
胡萝卜甙,CC[C@H](CC[C@@H](C)[C@H]1CC[C@@H]2[C@@]1(CC[C@H]3[C@H]2CC=C4[C@@]3(CC[C@@H](C4)O[C@H]5[C@@H]([C@H]([C@@H]([C@H](O5)CO)O)O)O)C)C)C(C)C,C[C@@H]1C[C@]2([C@H]3[C@H]4[C@]1([C@@H]5C=C(C(=O)[C@]5(CC(=C4)COC(=O)CC6=CC(=C(C=C6)O)OC)O)C)O[C@](O3)(O2)CC7=CC=CC=C7)C(=C)C,Resiniferatoxin,0.3827467790915157
胡萝卜甙,CC[C@H](CC[C@@H](C)[C@H]1CC[C@@H]2[C@@]1(CC[C@H]3[C@H]2CC=C4[C@@]3(CC[C@@H](C4)O[C@H]5[C@@H]([C@H]([C@@H]([C@H](O5)CO)O)O)O)C)C)C(C)C,CC(C)/C=C/CCCCC(=O)NCC1=CC(=C(C=C1)O)OC,Capsaicin,0.2890294068919656
胡萝卜甙,CC[C@H](CC[C@@H](C)[C@H]1CC[C@@H]2[C@@]1(CC[C@H]3[C@H]2CC=C4[C@@]3(CC[C@@H](C4)O[C@H]5[C@@H]([C@H]([C@@H]([C@H](O5)CO)O)O)O)C)C)C(C)C,CC(C)CCCCCCC(=O)OCC1=CC(=C(C=C1)O)OC,Dihydrocapsiate,0.34678493995435566
胡萝卜甙,CC[C@H](CC[C@@H](C)[C@H]1CC[C@@H]2[C@@]1(CC[C@H]3[C@H]2CC=C4[C@@]3(CC[C@@H](C4)O[C@H]5[C@@H]([C@H]([C@@H]([C@H](O5)CO)O)O)O)C)C)C(C)C,CC(C)(C)C1=CC=C(C=C1)CC(CNC(=S)NCC2=CC(=C(C=C2)O)OC)COC(=O)C(C)(C)C,JYL-273,0.259437723226635
胡萝卜甙,CC[C@H](CC[C@@H](C)[C@H]1CC[C@@H]2[C@@]1(CC[C@H]3[C@H]2CC=C4[C@@]3(CC[C@@H](C4)O[C@H]5[C@@H]([C@H]([C@@H]([C@H](O5)CO)O)O)O)C)C)C(C)C,CC(CC1=CC2=C(C=C1)OCO2)NCC(C3=CC(=C(C=C3)O)O)O,Protokylol,0.29842800842848893
胡萝卜甙,CC[C@H](CC[C@@H](C)[C@H]1CC[C@@H]2[C@@]1(CC[C@H]3[C@H]2CC=C4[C@@]3(CC[C@@H](C4)O[C@H]5[C@@H]([C@H]([C@@H]([C@H](O5)CO)O)O)O)C)C)C(C)C,CC(C)/C=C/CCCCC(=O)NCC1=CC(=C(C=C1)OC(=O)N2CCCCC2CNC)OC,Vocacapsaicin,0.2679333619468364
胡萝卜甙,CC[C@H](CC[C@@H](C)[C@H]1CC[C@@H]2[C@@]1(CC[C@H]3[C@H]2CC=C4[C@@]3(CC[C@@H](C4)O[C@H]5[C@@H]([C@H]([C@@H]([C@H](O5)CO)O)O)O)C)C)C(C)C,CC1=C(C=C(C=C1)CC(CNC(=O)CC2=CC(=C(C=C2)OCCN)OC)COC(=O)C(C)(C)C)C,MSK-195,0.24122368533672217
胡萝卜甙,CC[C@H](CC[C@@H](C)[C@H]1CC[C@@H]2[C@@]1(CC[C@H]3[C@H]2CC=C4[C@@]3(CC[C@@H](C4)O[C@H]5[C@@H]([C@H]([C@@H]([C@H](O5)CO)O)O)O)C)C)C(C)C,CC/C=C\C/C=C\C/C=C\CCCCCCCC(=O)NCCO,N-Linolenoylethanolamine,0.42963160502156317
胡萝卜甙,CC[C@H](CC[C@@H](C)[C@H]1CC[C@@H]2[C@@]1(CC[C@H]3[C@H]2CC=C4[C@@]3(CC[C@@H](C4)O[C@H]5[C@@H]([C@H]([C@@H]([C@H](O5)CO)O)O)O)C)C)C(C)C,CCCCCCCC/C=C\CCCCCCCC(=O)NCC1=CC(=C(C=C1)O)OC,Olvanil,0.31400273776079424
胡萝卜甙,CC[C@H](CC[C@@H](C)[C@H]1CC[C@@H]2[C@@]1(CC[C@H]3[C@H]2CC=C4[C@@]3(CC[C@@H](C4)O[C@H]5[C@@H]([C@H]([C@@H]([C@H](O5)CO)O)O)O)C)C)C(C)C,COC1=C(C=CC(=C1)CNC(=O)CCCC2=CC=CS2)O,MSP-3,0.22178369006380041
胡萝卜甙,CC[C@H](CC[C@@H](C)[C@H]1CC[C@@H]2[C@@]1(CC[C@H]3[C@H]2CC=C4[C@@]3(CC[C@@H](C4)O[C@H]5[C@@H]([C@H]([C@@H]([C@H](O5)CO)O)O)O)C)C)C(C)C,CCCCC/C=C\C/C=C\C/C=C\C/C=C\CCCC(=O)NCCC1=CC(=C(C=C1)O)O,N-Arachidonyldopamine,0.4049831105583124
胡萝卜甙,CC[C@H](CC[C@@H](C)[C@H]1CC[C@@H]2[C@@]1(CC[C@H]3[C@H]2CC=C4[C@@]3(CC[C@@H](C4)O[C@H]5[C@@H]([C@H]([C@@H]([C@H](O5)CO)O)O)O)C)C)C(C)C,CCCCC/C=C\C/C=C\C/C=C\C/C=C\CCCC(=O)N[C@H](C)CO,(R)-Methanandamide,0.3277442988422684
鸡屎藤次甙,C1=C([C@@H]2[C@H]([C@@H]1O)C(=CO[C@H]2O[C@H]3[C@@H]([C@H]([C@@H]([C@H](O3)CO)O)O)O)C(=O)O)CO,CCCCCCC[C@@H](CC(=O)CCC1=CC(=C(C=C1)O)OC)O,8-Gingerol,0.3702650051572845
鸡屎藤次甙,C1=C([C@@H]2[C@H]([C@@H]1O)C(=CO[C@H]2O[C@H]3[C@@H]([C@H]([C@@H]([C@H](O3)CO)O)O)O)C(=O)O)CO,CC(=CCOC1=C2C(=CC3=C1OC=C3)C=CC(=O)O2)C,Imperatorin,0.32722853062129786
鸡屎藤次甙,C1=C([C@@H]2[C@H]([C@@H]1O)C(=CO[C@H]2O[C@H]3[C@@H]([C@H]([C@@H]([C@H](O3)CO)O)O)O)C(=O)O)CO,C1=CC=C(C=C1)N2C3=CC=CC=C3C(C2=O)(CC4=CC=NC=C4)CC5=CC=NC=C5,Linopirdine,0.32942854617299583
鸡屎藤次甙,C1=C([C@@H]2[C@H]([C@@H]1O)C(=CO[C@H]2O[C@H]3[C@@H]([C@H]([C@@H]([C@H](O3)CO)O)O)O)C(=O)O)CO,CCCCCCCC/C=C\CCCCCCCC(=O)NNCC1=CC(=C(C=C1)O)OC,OMDM-5,0.25014198802261034
鸡屎藤次甙,C1=C([C@@H]2[C@H]([C@@H]1O)C(=CO[C@H]2O[C@H]3[C@@H]([C@H]([C@@H]([C@H](O3)CO)O)O)O)C(=O)O)CO,C[C@@H]1C[C@]2([C@H]3[C@H]4[C@]1([C@@H]5C=C(C(=O)[C@]5(CC(=C4)COC(=O)CC6=CC(=C(C=C6)O)OC)O)C)O[C@](O3)(O2)CC7=CC=CC=C7)C(=C)C,Resiniferatoxin,0.4356513445880785
鸡屎藤次甙,C1=C([C@@H]2[C@H]([C@@H]1O)C(=CO[C@H]2O[C@H]3[C@@H]([C@H]([C@@H]([C@H](O3)CO)O)O)O)C(=O)O)CO,CC(C)/C=C/CCCCC(=O)NCC1=CC(=C(C=C1)O)OC,Capsaicin,0.3245308567641138
鸡屎藤次甙,C1=C([C@@H]2[C@H]([C@@H]1O)C(=CO[C@H]2O[C@H]3[C@@H]([C@H]([C@@H]([C@H](O3)CO)O)O)O)C(=O)O)CO,CC(C)CCCCCCC(=O)OCC1=CC(=C(C=C1)O)OC,Dihydrocapsiate,0.3567905815451564
鸡屎藤次甙,C1=C([C@@H]2[C@H]([C@@H]1O)C(=CO[C@H]2O[C@H]3[C@@H]([C@H]([C@@H]([C@H](O3)CO)O)O)O)C(=O)O)CO,CC(C)(C)C1=CC=C(C=C1)CC(CNC(=S)NCC2=CC(=C(C=C2)O)OC)COC(=O)C(C)(C)C,JYL-273,0.27428490832161445
鸡屎藤次甙,C1=C([C@@H]2[C@H]([C@@H]1O)C(=CO[C@H]2O[C@H]3[C@@H]([C@H]([C@@H]([C@H](O3)CO)O)O)O)C(=O)O)CO,CC(CC1=CC2=C(C=C1)OCO2)NCC(C3=CC(=C(C=C3)O)O)O,Protokylol,0.31223980456371925
鸡屎藤次甙,C1=C([C@@H]2[C@H]([C@@H]1O)C(=CO[C@H]2O[C@H]3[C@@H]([C@H]([C@@H]([C@H](O3)CO)O)O)O)C(=O)O)CO,CC(C)/C=C/CCCCC(=O)NCC1=CC(=C(C=C1)OC(=O)N2CCCCC2CNC)OC,Vocacapsaicin,0.2767199703941901
鸡屎藤次甙,C1=C([C@@H]2[C@H]([C@@H]1O)C(=CO[C@H]2O[C@H]3[C@@H]([C@H]([C@@H]([C@H](O3)CO)O)O)O)C(=O)O)CO,CC1=C(C=C(C=C1)CC(CNC(=O)CC2=CC(=C(C=C2)OCCN)OC)COC(=O)C(C)(C)C)C,MSK-195,0.279436136480966
鸡屎藤次甙,C1=C([C@@H]2[C@H]([C@@H]1O)C(=CO[C@H]2O[C@H]3[C@@H]([C@H]([C@@H]([C@H](O3)CO)O)O)O)C(=O)O)CO,CC/C=C\C/C=C\C/C=C\CCCCCCCC(=O)NCCO,N-Linolenoylethanolamine,0.4892047205482702
鸡屎藤次甙,C1=C([C@@H]2[C@H]([C@@H]1O)C(=CO[C@H]2O[C@H]3[C@@H]([C@H]([C@@H]([C@H](O3)CO)O)O)O)C(=O)O)CO,CCCCCCCC/C=C\CCCCCCCC(=O)NCC1=CC(=C(C=C1)O)OC,Olvanil,0.3399619060787322
鸡屎藤次甙,C1=C([C@@H]2[C@H]([C@@H]1O)C(=CO[C@H]2O[C@H]3[C@@H]([C@H]([C@@H]([C@H](O3)CO)O)O)O)C(=O)O)CO,COC1=C(C=CC(=C1)CNC(=O)CCCC2=CC=CS2)O,MSP-3,0.27935155577057935
鸡屎藤次甙,C1=C([C@@H]2[C@H]([C@@H]1O)C(=CO[C@H]2O[C@H]3[C@@H]([C@H]([C@@H]([C@H](O3)CO)O)O)O)C(=O)O)CO,CCCCC/C=C\C/C=C\C/C=C\C/C=C\CCCC(=O)NCCC1=CC(=C(C=C1)O)O,N-Arachidonyldopamine,0.4850037117054347
鸡屎藤次甙,C1=C([C@@H]2[C@H]([C@@H]1O)C(=CO[C@H]2O[C@H]3[C@@H]([C@H]([C@@H]([C@H](O3)CO)O)O)O)C(=O)O)CO,CCCCC/C=C\C/C=C\C/C=C\C/C=C\CCCC(=O)N[C@H](C)CO,(R)-Methanandamide,0.3793876129899416
车叶草酸,CC(=O)OCC1=C[C@@H]([C@H]2[C@@H]1[C@@H](OC=C2C(=O)O)O[C@H]3[C@@H]([C@H]([C@@H]([C@H](O3)CO)O)O)O)O,CCCCCCC[C@@H](CC(=O)CCC1=CC(=C(C=C1)O)OC)O,8-Gingerol,0.3435191495779579
车叶草酸,CC(=O)OCC1=C[C@@H]([C@H]2[C@@H]1[C@@H](OC=C2C(=O)O)O[C@H]3[C@@H]([C@H]([C@@H]([C@H](O3)CO)O)O)O)O,CC(=CCOC1=C2C(=CC3=C1OC=C3)C=CC(=O)O2)C,Imperatorin,0.29401135788203236
车叶草酸,CC(=O)OCC1=C[C@@H]([C@H]2[C@@H]1[C@@H](OC=C2C(=O)O)O[C@H]3[C@@H]([C@H]([C@@H]([C@H](O3)CO)O)O)O)O,C1=CC=C(C=C1)N2C3=CC=CC=C3C(C2=O)(CC4=CC=NC=C4)CC5=CC=NC=C5,Linopirdine,0.3052027041083396
车叶草酸,CC(=O)OCC1=C[C@@H]([C@H]2[C@@H]1[C@@H](OC=C2C(=O)O)O[C@H]3[C@@H]([C@H]([C@@H]([C@H](O3)CO)O)O)O)O,CCCCCCCC/C=C\CCCCCCCC(=O)NNCC1=CC(=C(C=C1)O)OC,OMDM-5,0.23038596275188677
车叶草酸,CC(=O)OCC1=C[C@@H]([C@H]2[C@@H]1[C@@H](OC=C2C(=O)O)O[C@H]3[C@@H]([C@H]([C@@H]([C@H](O3)CO)O)O)O)O,C[C@@H]1C[C@]2([C@H]3[C@H]4[C@]1([C@@H]5C=C(C(=O)[C@]5(CC(=C4)COC(=O)CC6=CC(=C(C=C6)O)OC)O)C)O[C@](O3)(O2)CC7=CC=CC=C7)C(=C)C,Resiniferatoxin,0.41024914914456756
车叶草酸,CC(=O)OCC1=C[C@@H]([C@H]2[C@@H]1[C@@H](OC=C2C(=O)O)O[C@H]3[C@@H]([C@H]([C@@H]([C@H](O3)CO)O)O)O)O,CC(C)/C=C/CCCCC(=O)NCC1=CC(=C(C=C1)O)OC,Capsaicin,0.3120910921212776
车叶草酸,CC(=O)OCC1=C[C@@H]([C@H]2[C@@H]1[C@@H](OC=C2C(=O)O)O[C@H]3[C@@H]([C@H]([C@@H]([C@H](O3)CO)O)O)O)O,CC(C)CCCCCCC(=O)OCC1=CC(=C(C=C1)O)OC,Dihydrocapsiate,0.33363502264012973
车叶草酸,CC(=O)OCC1=C[C@@H]([C@H]2[C@@H]1[C@@H](OC=C2C(=O)O)O[C@H]3[C@@H]([C@H]([C@@H]([C@H](O3)CO)O)O)O)O,CC(C)(C)C1=CC=C(C=C1)CC(CNC(=S)NCC2=CC(=C(C=C2)O)OC)COC(=O)C(C)(C)C,JYL-273,0.27817032783571366
车叶草酸,CC(=O)OCC1=C[C@@H]([C@H]2[C@@H]1[C@@H](OC=C2C(=O)O)O[C@H]3[C@@H]([C@H]([C@@H]([C@H](O3)CO)O)O)O)O,CC(CC1=CC2=C(C=C1)OCO2)NCC(C3=CC(=C(C=C3)O)O)O,Protokylol,0.29110918852662465
车叶草酸,CC(=O)OCC1=C[C@@H]([C@H]2[C@@H]1[C@@H](OC=C2C(=O)O)O[C@H]3[C@@H]([C@H]([C@@H]([C@H](O3)CO)O)O)O)O,CC(C)/C=C/CCCCC(=O)NCC1=CC(=C(C=C1)OC(=O)N2CCCCC2CNC)OC,Vocacapsaicin,0.2642444878415558
车叶草酸,CC(=O)OCC1=C[C@@H]([C@H]2[C@@H]1[C@@H](OC=C2C(=O)O)O[C@H]3[C@@H]([C@H]([C@@H]([C@H](O3)CO)O)O)O)O,CC1=C(C=C(C=C1)CC(CNC(=O)CC2=CC(=C(C=C2)OCCN)OC)COC(=O)C(C)(C)C)C,MSK-195,0.25945903866831554
车叶草酸,CC(=O)OCC1=C[C@@H]([C@H]2[C@@H]1[C@@H](OC=C2C(=O)O)O[C@H]3[C@@H]([C@H]([C@@H]([C@H](O3)CO)O)O)O)O,CC/C=C\C/C=C\C/C=C\CCCCCCCC(=O)NCCO,N-Linolenoylethanolamine,0.45926455772428587
车叶草酸,CC(=O)OCC1=C[C@@H]([C@H]2[C@@H]1[C@@H](OC=C2C(=O)O)O[C@H]3[C@@H]([C@H]([C@@H]([C@H](O3)CO)O)O)O)O,CCCCCCCC/C=C\CCCCCCCC(=O)NCC1=CC(=C(C=C1)O)OC,Olvanil,0.31549277204841264
车叶草酸,CC(=O)OCC1=C[C@@H]([C@H]2[C@@H]1[C@@H](OC=C2C(=O)O)O[C@H]3[C@@H]([C@H]([C@@H]([C@H](O3)CO)O)O)O)O,COC1=C(C=CC(=C1)CNC(=O)CCCC2=CC=CS2)O,MSP-3,0.260348799580845
车叶草酸,CC(=O)OCC1=C[C@@H]([C@H]2[C@@H]1[C@@H](OC=C2C(=O)O)O[C@H]3[C@@H]([C@H]([C@@H]([C@H](O3)CO)O)O)O)O,CCCCC/C=C\C/C=C\C/C=C\C/C=C\CCCC(=O)NCCC1=CC(=C(C=C1)O)O,N-Arachidonyldopamine,0.4346451146888368
车叶草酸,CC(=O)OCC1=C[C@@H]([C@H]2[C@@H]1[C@@H](OC=C2C(=O)O)O[C@H]3[C@@H]([C@H]([C@@H]([C@H](O3)CO)O)O)O)O,CCCCC/C=C\C/C=C\C/C=C\C/C=C\CCCC(=O)N[C@H](C)CO,(R)-Methanandamide,0.3587562130605928
去乙酰基车叶草甙酸,C1=C([C@@H]2[C@H]([C@H]1O)C(=CO[C@H]2O[C@H]3[C@@H]([C@H]([C@@H]([C@H](O3)CO)O)O)O)C(=O)O)CO,CCCCCCC[C@@H](CC(=O)CCC1=CC(=C(C=C1)O)OC)O,8-Gingerol,0.3703316016883632
去乙酰基车叶草甙酸,C1=C([C@@H]2[C@H]([C@H]1O)C(=CO[C@H]2O[C@H]3[C@@H]([C@H]([C@@H]([C@H](O3)CO)O)O)O)C(=O)O)CO,CC(=CCOC1=C2C(=CC3=C1OC=C3)C=CC(=O)O2)C,Imperatorin,0.32899198148102105
去乙酰基车叶草甙酸,C1=C([C@@H]2[C@H]([C@H]1O)C(=CO[C@H]2O[C@H]3[C@@H]([C@H]([C@@H]([C@H](O3)CO)O)O)O)C(=O)O)CO,C1=CC=C(C=C1)N2C3=CC=CC=C3C(C2=O)(CC4=CC=NC=C4)CC5=CC=NC=C5,Linopirdine,0.3297507945774228
去乙酰基车叶草甙酸,C1=C([C@@H]2[C@H]([C@H]1O)C(=CO[C@H]2O[C@H]3[C@@H]([C@H]([C@@H]([C@H](O3)CO)O)O)O)C(=O)O)CO,CCCCCCCC/C=C\CCCCCCCC(=O)NNCC1=CC(=C(C=C1)O)OC,OMDM-5,0.2503050807963174
去乙酰基车叶草甙酸,C1=C([C@@H]2[C@H]([C@H]1O)C(=CO[C@H]2O[C@H]3[C@@H]([C@H]([C@@H]([C@H](O3)CO)O)O)O)C(=O)O)CO,C[C@@H]1C[C@]2([C@H]3[C@H]4[C@]1([C@@H]5C=C(C(=O)[C@]5(CC(=C4)COC(=O)CC6=CC(=C(C=C6)O)OC)O)C)O[C@](O3)(O2)CC7=CC=CC=C7)C(=C)C,Resiniferatoxin,0.43272715874373446
去乙酰基车叶草甙酸,C1=C([C@@H]2[C@H]([C@H]1O)C(=CO[C@H]2O[C@H]3[C@@H]([C@H]([C@@H]([C@H](O3)CO)O)O)O)C(=O)O)CO,CC(C)/C=C/CCCCC(=O)NCC1=CC(=C(C=C1)O)OC,Capsaicin,0.32222031241796667
去乙酰基车叶草甙酸,C1=C([C@@H]2[C@H]([C@H]1O)C(=CO[C@H]2O[C@H]3[C@@H]([C@H]([C@@H]([C@H](O3)CO)O)O)O)C(=O)O)CO,CC(C)CCCCCCC(=O)OCC1=CC(=C(C=C1)O)OC,Dihydrocapsiate,0.3598528101938167
去乙酰基车叶草甙酸,C1=C([C@@H]2[C@H]([C@H]1O)C(=CO[C@H]2O[C@H]3[C@@H]([C@H]([C@@H]([C@H](O3)CO)O)O)O)C(=O)O)CO,CC(C)(C)C1=CC=C(C=C1)CC(CNC(=S)NCC2=CC(=C(C=C2)O)OC)COC(=O)C(C)(C)C,JYL-273,0.2765402643626266
去乙酰基车叶草甙酸,C1=C([C@@H]2[C@H]([C@H]1O)C(=CO[C@H]2O[C@H]3[C@@H]([C@H]([C@@H]([C@H](O3)CO)O)O)O)C(=O)O)CO,CC(CC1=CC2=C(C=C1)OCO2)NCC(C3=CC(=C(C=C3)O)O)O,Protokylol,0.3146432288203083
去乙酰基车叶草甙酸,C1=C([C@@H]2[C@H]([C@H]1O)C(=CO[C@H]2O[C@H]3[C@@H]([C@H]([C@@H]([C@H](O3)CO)O)O)O)C(=O)O)CO,CC(C)/C=C/CCCCC(=O)NCC1=CC(=C(C=C1)OC(=O)N2CCCCC2CNC)OC,Vocacapsaicin,0.27610756476484943
去乙酰基车叶草甙酸,C1=C([C@@H]2[C@H]([C@H]1O)C(=CO[C@H]2O[C@H]3[C@@H]([C@H]([C@@H]([C@H](O3)CO)O)O)O)C(=O)O)CO,CC1=C(C=C(C=C1)CC(CNC(=O)CC2=CC(=C(C=C2)OCCN)OC)COC(=O)C(C)(C)C)C,MSK-195,0.28063594694105487
去乙酰基车叶草甙酸,C1=C([C@@H]2[C@H]([C@H]1O)C(=CO[C@H]2O[C@H]3[C@@H]([C@H]([C@@H]([C@H](O3)CO)O)O)O)C(=O)O)CO,CC/C=C\C/C=C\C/C=C\CCCCCCCC(=O)NCCO,N-Linolenoylethanolamine,0.48813519562232577
去乙酰基车叶草甙酸,C1=C([C@@H]2[C@H]([C@H]1O)C(=CO[C@H]2O[C@H]3[C@@H]([C@H]([C@@H]([C@H](O3)CO)O)O)O)C(=O)O)CO,CCCCCCCC/C=C\CCCCCCCC(=O)NCC1=CC(=C(C=C1)O)OC,Olvanil,0.3400338406073234
去乙酰基车叶草甙酸,C1=C([C@@H]2[C@H]([C@H]1O)C(=CO[C@H]2O[C@H]3[C@@H]([C@H]([C@@H]([C@H](O3)CO)O)O)O)C(=O)O)CO,COC1=C(C=CC(=C1)CNC(=O)CCCC2=CC=CS2)O,MSP-3,0.2756522059885615
去乙酰基车叶草甙酸,C1=C([C@@H]2[C@H]([C@H]1O)C(=CO[C@H]2O[C@H]3[C@@H]([C@H]([C@@H]([C@H](O3)CO)O)O)O)C(=O)O)CO,CCCCC/C=C\C/C=C\C/C=C\C/C=C\CCCC(=O)NCCC1=CC(=C(C=C1)O)O,N-Arachidonyldopamine,0.480962349627322
去乙酰基车叶草甙酸,C1=C([C@@H]2[C@H]([C@H]1O)C(=CO[C@H]2O[C@H]3[C@@H]([C@H]([C@@H]([C@H](O3)CO)O)O)O)C(=O)O)CO,CCCCC/C=C\C/C=C\C/C=C\C/C=C\CCCC(=O)N[C@H](C)CO,(R)-Methanandamide,0.3750878054059631
